lr,bs,neurons,acc
0.1,16,32,0.1305
0.1,16,128,0.4465
0.1,16,256,0.4905
0.1,64,32,0.692
0.1,64,128,0.7765
0.1,64,256,0.8225
0.1,128,32,0.784
0.1,128,128,0.7875
0.1,128,256,0.873
0.01,16,32,0.8845
0.01,16,128,0.906
0.01,16,256,0.9005
0.01,64,32,0.9085
0.01,64,128,0.935
0.01,64,256,0.9325
0.01,128,32,0.9005
0.01,128,128,0.9315
0.01,128,256,0.9295
0.001,16,32,0.9045
0.001,16,128,0.92
0.001,16,256,0.9345
0.001,64,32,0.89
0.001,64,128,0.9075
0.001,64,256,0.922
0.001,128,32,0.8725
0.001,128,128,0.9005
0.001,128,256,0.904
